t_s,util_pct,power_w,sm_clock_mhz
3.5029000173381064e-05,100.0,345.177,1200.0
0.10016170000017155,100.0,342.424,1500.0
0.20030455000005531,95.0,347.484,1140.0
0.300463671000216,95.0,348.728,1155.0
0.4006085810001423,100.0,348.276,1200.0
0.500766092000049,100.0,346.765,1185.0
0.6009149030001026,100.0,348.082,1275.0
0.7010389530000793,100.0,347.475,1200.0
0.8011812630002169,100.0,346.854,1245.0
0.9012995940001929,100.0,345.747,1215.0
1.0014621549998992,100.0,345.033,1290.0
1.101612036000006,100.0,349.046,1185.0
1.201768796000124,100.0,347.331,1155.0
1.301909347000219,100.0,346.478,1140.0
1.4020479270002397,100.0,346.033,1200.0
1.5021856480002498,100.0,345.634,1200.0
1.6023260880001544,100.0,347.367,1245.0
1.7024678090001544,100.0,345.799,1200.0
1.8026109289999113,100.0,346.427,1275.0
1.9027449010000055,100.0,344.702,1305.0
2.002886621000016,100.0,346.745,1185.0
2.1030346719999216,100.0,347.212,1185.0
2.203179853000165,100.0,345.492,1155.0
2.3033141040000373,100.0,345.405,1215.0
2.4034675540001444,100.0,346.116,1140.0
2.5036053849999007,100.0,346.506,1245.0
2.60375080599988,100.0,346.755,1155.0
2.7038796970000476,100.0,345.578,1245.0
2.8040216570002485,100.0,345.5,1245.0
2.9041702180002176,100.0,348.079,1185.0
3.004305850000037,100.0,347.613,1110.0
3.1044529390001117,100.0,345.077,1170.0
3.204587561000153,100.0,346.103,1080.0
3.3047268519999307,100.0,346.868,1140.0
3.404863213000226,100.0,345.931,1110.0
3.50499683299995,100.0,345.821,1215.0
3.605125993999991,100.0,344.668,1170.0
3.7052600960000746,100.0,345.044,1215.0
3.8054006970000955,100.0,345.4,1200.0
3.9055271570000514,100.0,346.914,1065.0
4.005660807999902,100.0,344.68,1185.0
4.1057895190001545,100.0,347.087,1275.0
4.2059339100001125,100.0,345.693,1200.0
4.306078601000081,100.0,346.569,1230.0
4.406250171000011,100.0,346.588,1170.0
4.506399312000212,100.0,348.423,1230.0
4.606621824000285,100.0,346.91,1200.0
4.7067860540000765,100.0,347.87,1185.0
4.806949095000164,100.0,347.293,1095.0
4.907082226000057,100.0,344.891,1155.0
5.007244476999858,100.0,345.183,1245.0
5.107378156999857,100.0,345.786,1200.0
5.207547799000167,100.0,344.627,1215.0
5.307718420000128,100.0,345.465,1215.0
5.407866661000298,100.0,345.381,1140.0
5.508046611000282,100.0,345.535,1200.0
5.608187932999954,100.0,345.221,1170.0
5.70831585399992,100.0,346.386,1095.0
5.808493725000062,100.0,345.881,1200.0
5.908639576000041,100.0,345.696,1170.0
6.008775756999967,100.0,345.875,1215.0
6.108891467999911,100.0,345.499,1185.0
6.2090268599999945,100.0,345.859,1245.0
6.309184460999859,100.0,344.682,1140.0
6.409323550999943,100.0,344.299,1200.0
6.509466013000292,100.0,345.88,1200.0
6.6096139440001025,100.0,346.511,1155.0
6.709734685000058,100.0,343.456,1185.0
6.809874206000131,100.0,346.297,1260.0
6.910009468000226,100.0,344.074,1170.0
7.01015082899994,100.0,345.55,1245.0
7.11028061900015,100.0,344.824,1170.0
7.210442610999962,100.0,343.433,1215.0
7.310580613000184,100.0,345.191,1155.0
7.4107213340003,100.0,345.638,1200.0
7.5108612049998555,100.0,346.76,1170.0
7.61100902599992,100.0,346.325,1200.0
7.711477576000107,100.0,347.189,1245.0
7.811625777000245,100.0,346.287,1185.0
7.911743759000274,100.0,347.283,1245.0
8.011888179999914,100.0,346.808,1170.0
8.112004802000229,100.0,345.183,1230.0
8.212148032000187,100.0,348.065,1170.0
8.31228454400025,100.0,346.998,1200.0
8.4124231159999,100.0,347.703,1170.0
8.512580417000208,100.0,347.645,1275.0
8.612726417999966,100.0,347.144,1185.0
8.712871408999945,100.0,348.449,1230.0
8.813036151000233,100.0,347.33,1200.0
8.913160173000051,100.0,348.648,1245.0
9.013322853999853,100.0,346.56,1305.0
9.113464954999927,100.0,349.985,1170.0
9.213613106000139,100.0,348.052,1185.0
9.313773047000268,100.0,347.406,1125.0
9.41435447699996,100.0,345.468,1230.0
9.514489159000277,100.0,346.227,1140.0
9.61462500000016,100.0,345.282,1230.0
9.714759990999937,100.0,345.877,1170.0
9.814909164000255,100.0,345.949,1245.0
9.915049554000234,100.0,344.419,1395.0
10.015199246000066,100.0,347.959,1185.0
10.115316828000232,100.0,347.066,1155.0
10.215481968999939,100.0,346.211,1155.0
10.315632481000193,100.0,344.62,1170.0
10.415771521999886,100.0,346.406,1155.0
10.515917903000172,100.0,345.065,1230.0
10.616055916000278,100.0,346.751,1185.0
10.71617818599998,100.0,344.941,1185.0
10.816312988999925,100.0,343.125,1380.0
10.916470839999874,100.0,347.456,1170.0
11.016599870999926,100.0,345.488,1200.0
11.11672098300005,100.0,346.703,1170.0
11.216880714000126,100.0,346.701,1140.0
11.31704612700014,100.0,346.521,1200.0
11.417220698000165,100.0,346.498,1200.0
11.517363779999869,100.0,347.201,1230.0
11.617503281000154,100.0,347.012,1170.0
11.717640502999984,100.0,345.358,1275.0
11.817795895000017,100.0,349.516,1200.0
11.91794145699987,100.0,347.515,1170.0
12.018066057999931,100.0,344.783,1140.0
12.118188509999982,100.0,343.394,1140.0
12.218334511000194,100.0,343.231,1215.0
12.318482683000184,100.0,344.691,1110.0
12.418626255000163,100.0,344.163,1245.0
12.518793326999912,100.0,345.246,1185.0
12.61893524900006,100.0,342.818,1320.0
12.719061150000016,100.0,346.01,1155.0
12.819211472000006,100.0,345.269,1170.0
12.919366792999881,100.0,343.085,1155.0
13.01952531500001,100.0,343.553,1170.0
13.119673158000296,100.0,344.028,1170.0
13.219826827999896,100.0,344.498,1140.0
13.31998208999994,100.0,344.357,1230.0
13.420132312000078,100.0,345.743,1140.0
13.520274384000004,100.0,343.414,1350.0
13.620449716000167,100.0,346.492,1185.0
13.72059181700024,100.0,346.734,1125.0
13.820730839000134,100.0,346.136,1170.0
13.92086584100025,100.0,345.914,1230.0
14.020993913999973,100.0,346.453,1155.0
14.121112516000267,100.0,347.55,1215.0
14.221253326999886,100.0,346.563,1170.0
14.321401739000066,100.0,347.961,1260.0
14.421541381000225,100.0,346.909,1305.0
14.521680032999939,100.0,349.838,1140.0
14.621826374000193,100.0,349.229,1155.0
14.7219345970002,100.0,346.506,1140.0
14.822039549000237,100.0,346.103,1245.0
14.92216960099995,100.0,346.806,1140.0
15.022306932999982,100.0,347.188,1230.0
15.122413985000094,100.0,347.079,1125.0
15.222532626999964,100.0,346.632,1230.0
15.322642949000056,100.0,346.2,1305.0
15.422757311000169,100.0,348.427,1200.0
15.52286560399989,100.0,347.775,1140.0
15.622970876000181,100.0,345.027,1230.0
15.723088178000125,100.0,344.677,1170.0
15.823209369999859,100.0,346.445,1260.0
15.923315942000045,100.0,344.828,1170.0
16.0234418240002,100.0,346.199,1230.0
16.123555785999997,100.0,345.28,1155.0
16.223684748999858,100.0,346.313,1275.0
16.323798872000225,100.0,347.485,1155.0
16.423910634000094,100.0,346.26,1110.0
16.524023555999975,100.0,343.488,1215.0
16.624151968000206,100.0,344.583,1170.0
16.724273731000267,100.0,345.119,1230.0
16.824399621999873,100.0,343.955,1185.0
16.924506803999975,100.0,345.393,1230.0
17.024627076999877,100.0,344.517,1170.0
17.124729340000158,100.0,345.68,1200.0
17.224857092000093,100.0,347.038,1155.0
17.32496785400008,100.0,347.717,1125.0
17.425079105999885,100.0,346.581,1215.0
17.525193597999987,100.0,348.257,1125.0
17.62530869200009,100.0,346.944,1200.0
17.725427082999886,100.0,346.29,1155.0
17.825550496000233,100.0,347.196,1230.0
17.925710798000182,100.0,346.392,1170.0
18.025869980000152,100.0,346.042,1230.0
18.126035382000282,100.0,347.962,1200.0
18.226208334000148,100.0,347.944,1065.0
18.326392187000238,100.0,345.622,1170.0
18.426580038999873,100.0,346.948,1095.0
18.526767330999974,100.0,346.874,1125.0
18.626976553000077,100.0,348.392,1020.0
18.7271462650001,100.0,346.399,1200.0
18.827334927000265,100.0,346.847,1125.0
18.927522010000303,100.0,345.387,1245.0
19.02768934200003,100.0,347.452,1155.0
19.127873574000205,100.0,347.069,1020.0
19.228069386000243,100.0,344.874,1185.0
19.328278777999913,100.0,347.277,1155.0
19.428506620000007,100.0,346.553,1125.0
19.52869827199993,100.0,347.699,1170.0
19.6289032640002,100.0,346.308,1050.0
19.72909438600027,100.0,345.918,1110.0
19.829279019000296,100.0,344.766,1215.0
19.929479249999986,100.0,345.525,1155.0
20.029650804000084,100.0,345.866,1020.0
20.129851445999975,100.0,343.155,1170.0
20.230067727999995,100.0,346.315,1170.0
20.330286689999866,100.0,345.37,1125.0
20.430532420999953,100.0,346.183,1200.0
20.530741814000066,100.0,346.045,1095.0
20.630936896000094,100.0,347.084,1140.0
20.731097089000286,100.0,347.268,1140.0
20.83127245100013,100.0,348.095,1155.0
20.93145269300021,100.0,349.329,1095.0
21.031616746000054,100.0,347.046,1170.0
21.131776679000268,100.0,349.437,1245.0
21.231995371000266,100.0,348.307,1200.0
21.332176363000144,100.0,349.104,1230.0
21.432350965000296,100.0,349.284,1140.0
21.532533939000132,100.0,348.166,1185.0
21.63271074100021,100.0,347.466,1170.0
21.73290850300009,100.0,347.545,1125.0
21.833094515000084,100.0,346.795,1095.0
21.93329495700027,100.0,344.878,1065.0
22.033509871000206,100.0,346.388,1140.0
22.133678192999923,100.0,345.134,1140.0
22.23385962500015,100.0,344.358,1245.0
22.334033168000133,100.0,345.385,1170.0
22.43421836000016,100.0,343.422,1200.0
22.534468682999886,100.0,344.654,1140.0
22.634637744999964,100.0,345.353,1125.0
22.734798658000273,100.0,345.365,1065.0
22.834995860000163,100.0,344.975,1110.0
22.935204731999875,100.0,347.004,1140.0
23.035408936000294,100.0,347.827,1080.0
23.13556661800021,100.0,346.676,1095.0
23.23575623099987,100.0,346.84,1095.0
23.335940013000254,100.0,345.662,1125.0
23.436123625000164,100.0,346.581,1125.0
23.536287878000167,100.0,347.324,1170.0
23.636520990999998,100.0,347.202,1050.0
23.736694334000276,100.0,346.038,1110.0
23.83686311600013,100.0,347.969,1185.0
23.93704880899986,100.0,348.367,1110.0
24.037222260999897,100.0,347.716,1170.0
24.137428693999937,100.0,348.653,1095.0
24.237671756000054,100.0,348.108,1155.0
24.337902158999896,100.0,350.069,1110.0
24.438086311999996,100.0,349.706,1095.0
24.538326994000272,100.0,349.029,1080.0
24.638580746000116,100.0,346.75,1170.0
24.738820149000276,100.0,348.022,1170.0
24.8389946719999,100.0,346.511,1170.0
24.939198873999885,100.0,347.964,1230.0
25.03939448700021,100.0,345.134,1125.0
25.139554279000095,100.0,345.817,1200.0
25.239758562000134,100.0,347.977,1170.0
25.339944035999906,100.0,347.128,1200.0
25.440152218000094,100.0,347.075,1125.0
25.54036145100008,100.0,346.99,1080.0
25.640571544000068,100.0,347.896,1125.0
25.740738756000155,100.0,347.276,1110.0
25.840941979000036,100.0,349.575,1155.0
25.941096991999984,100.0,347.766,1095.0
26.04131399500011,100.0,347.077,1125.0
26.1415632180001,100.0,349.243,1095.0
26.24177309000015,100.0,349.583,1125.0
26.341980333000265,100.0,348.654,1095.0
26.44220935600015,100.0,346.881,1215.0
26.542409317999955,100.0,346.363,1200.0
26.642615732000195,100.0,346.279,1230.0
26.74283000300011,100.0,347.354,1170.0
26.84303756700001,100.0,346.455,1170.0
26.943204470000182,100.0,344.596,1185.0
27.043400493000263,100.0,349.173,1170.0
27.143603555000027,100.0,347.709,1035.0
27.2438066980003,100.0,346.987,1080.0
27.34397839200028,100.0,347.132,1170.0
27.444134374999976,100.0,346.649,1170.0
27.544345397000143,100.0,345.33,1200.0
27.644526470000073,100.0,345.174,1170.0
27.7447416240002,100.0,345.174,1125.0
27.844913547000033,100.0,345.649,1200.0
27.945119529000294,100.0,344.903,1170.0
28.045321262000016,100.0,345.31,1110.0
28.145511805000297,100.0,343.503,1125.0
28.24571972800004,100.0,344.987,1170.0
28.345926082000005,100.0,344.048,1080.0
28.4461163750002,100.0,346.72,1125.0
28.54626824800016,100.0,345.724,1080.0
28.64653509000027,100.0,344.826,1050.0
28.746708493999904,100.0,346.454,1095.0
28.84688723699992,100.0,345.543,1155.0
28.947084570000243,100.0,345.682,1140.0
29.04724046299998,100.0,342.267,1170.0
29.147734265000054,100.0,344.635,1230.0
29.24794857699999,100.0,343.322,1140.0
29.348149661000207,100.0,344.622,1185.0
29.448310264000156,100.0,343.771,1140.0
29.548483027000202,100.0,343.995,1125.0
29.648646220000046,100.0,345.249,1170.0
29.74883161300022,100.0,345.261,1170.0
29.84899446700001,100.0,345.483,1095.0
29.949154851000003,100.0,344.048,1200.0
30.049389173000236,100.0,346.486,1140.0
30.149572996000188,100.0,345.639,1200.0
30.249735639999926,100.0,344.865,1125.0
30.349903292999898,100.0,346.183,1170.0
30.450054227000237,100.0,346.438,1200.0
30.550268720000076,100.0,347.442,1185.0
30.650461043000178,100.0,348.007,1140.0
30.75062396600015,100.0,346.088,1140.0
30.850780689000203,100.0,346.254,1095.0
30.95099828299999,100.0,346.483,1170.0
31.0512194060002,100.0,345.715,1230.0
31.15140640000027,100.0,346.329,1230.0
31.251572423000198,100.0,345.73,1170.0
31.351740236000296,100.0,345.688,1215.0
31.451943139999912,100.0,346.278,1155.0
31.55215009299991,100.0,346.456,1200.0
31.652353676000075,100.0,345.505,1095.0
31.752572248999968,100.0,344.901,1170.0
31.852777262000018,100.0,345.509,1110.0
31.952946385999894,100.0,346.163,1200.0
32.053145588999996,100.0,347.199,1140.0
32.153335052999864,100.0,346.517,1140.0
32.2535680660003,100.0,346.479,1215.0
32.35379165899985,100.0,346.423,1170.0
32.453995473000305,100.0,347.691,1170.0
32.55415768600005,100.0,346.719,1110.0
32.654376389999925,100.0,345.021,1140.0
32.754586132999975,100.0,346.523,1140.0
32.85479675600027,100.0,345.542,1215.0
32.954983370000264,100.0,346.678,1095.0
33.05515451400015,100.0,346.116,1185.0
33.155365087000064,100.0,346.233,1215.0
33.255577769999945,100.0,346.204,1170.0
33.35575064400018,100.0,347.71,1170.0
33.45598738800027,100.0,346.51,1140.0
33.556206311000096,100.0,345.713,1095.0
33.65635082500012,100.0,347.751,1080.0
33.75650945799998,100.0,347.415,1080.0
33.85663627200029,100.0,348.042,1035.0
33.956756825999946,100.0,347.645,1155.0
34.05688159900001,100.0,348.057,1005.0
34.15707676300008,100.0,348.909,1140.0
34.257216225999855,100.0,347.671,1095.0
34.357344681000086,100.0,346.979,1080.0
34.457490345000224,100.0,344.594,1110.0
34.55762140800016,100.0,345.836,1140.0
34.657754291999936,100.0,345.619,1095.0
34.75788711699988,100.0,346.633,1080.0
34.85802919000025,100.0,345.88,1110.0
34.95815143300024,100.0,345.07,1080.0
35.05827573800025,100.0,345.055,1185.0
35.1583939420002,100.0,344.43,1185.0
35.25855235600011,100.0,345.007,1155.0
35.35868731000028,100.0,342.374,1155.0
35.458809672999905,100.0,344.096,1155.0
35.55893192800022,100.0,343.944,1155.0
35.6590620410002,100.0,345.311,1215.0
35.75919356600025,100.0,344.102,1140.0
35.8593169400001,100.0,344.089,1215.0
35.95945731400025,100.0,344.216,1125.0
36.059585678000076,100.0,345.145,1185.0
36.15974805199994,100.0,345.93,1125.0
36.259912585000166,100.0,344.858,1200.0
36.360101289999875,100.0,346.951,1200.0
36.46023817300011,100.0,346.606,1215.0
36.560358977000305,100.0,347.536,1245.0
36.66049288100021,100.0,346.994,1200.0
36.7606201550002,100.0,347.016,1200.0
36.86074292000012,100.0,346.988,1155.0
36.960862844000076,100.0,348.471,1140.0
37.0609815480002,100.0,349.233,1155.0
37.16109765200008,100.0,348.436,1155.0
37.26123283600009,100.0,349.101,1125.0
37.36136085999988,100.0,348.53,1185.0
37.461493304000214,100.0,348.063,1170.0
37.56168274900028,100.0,347.814,1230.0
37.66188438200015,100.0,347.049,1155.0
37.7620720660002,100.0,348.149,1200.0
37.8623455500001,100.0,348.766,1155.0
37.96252544400022,100.0,349.071,1080.0
38.062700188000235,100.0,346.485,1185.0
38.16285988100026,100.0,345.816,1200.0
38.26301757600004,100.0,346.535,1170.0
38.36320655999998,100.0,345.223,1140.0
38.46339426400027,100.0,347.124,1200.0
38.56356223800003,100.0,345.894,1155.0
38.66372671299996,100.0,346.885,1200.0
38.76391822599999,100.0,348.837,1200.0
38.86410405000015,100.0,348.278,1035.0
38.96428510400028,100.0,346.814,1170.0
39.06447224800013,100.0,345.702,1140.0
39.16465723300007,100.0,348.168,1185.0
39.26481641700002,100.0,347.806,1065.0
39.365008321000005,100.0,348.919,1080.0
39.465209575000245,100.0,347.726,1125.0
39.56538987900012,100.0,348.544,1095.0
39.66559878299995,100.0,347.599,1155.0
39.76577708700006,100.0,346.76,1095.0
39.86596343000019,100.0,346.038,1110.0
39.96614043499994,100.0,344.744,1155.0
40.06634083900008,100.0,345.842,1125.0
40.16652258300019,100.0,345.083,1155.0
40.266762567000114,100.0,346.256,1125.0
40.36696930200014,100.0,345.632,1140.0
40.46714743600023,100.0,346.217,1200.0
40.56734180000012,100.0,346.073,1125.0
40.66754736400026,100.0,345.783,1095.0
40.767744627999946,100.0,345.069,1230.0
40.86793177200025,100.0,345.152,1170.0
40.96812102700005,100.0,344.337,1155.0
41.068319211000016,100.0,344.989,1155.0
41.168492915000115,100.0,344.414,1155.0
41.26868075900029,100.0,344.599,1200.0
41.36890051299997,100.0,345.335,1155.0
41.46908191800003,100.0,345.58,1170.0
41.569283452000036,100.0,347.103,1125.0
41.669477345999894,100.0,347.626,1185.0
41.7696748000003,100.0,348.851,1200.0
41.86985341399986,100.0,346.4,1155.0
41.970054450000134,100.0,348.338,1185.0
42.070228124000096,100.0,347.731,1155.0
42.17042981800023,100.0,348.607,1200.0
42.27060569200012,100.0,347.803,1275.0
42.37074910799993,100.0,348.053,1155.0
42.47087378100014,100.0,348.981,1095.0
42.57100777599999,100.0,346.474,1110.0
42.67113151100011,100.0,348.336,1095.0
42.77125768499991,100.0,345.776,1110.0
42.871379810000235,100.0,347.257,1110.0
42.97150032499985,100.0,345.638,1185.0
43.07161960900021,100.0,344.828,1170.0
43.17175328500025,100.0,346.218,1305.0
43.27189464899993,100.0,346.837,1140.0
43.372028994000175,100.0,348.196,1095.0
43.47214990800012,100.0,345.955,1200.0
43.572297083000194,100.0,346.444,1185.0
43.672431277000214,100.0,345.961,1170.0
43.77258246200017,100.0,344.954,1125.0
43.87271502600015,100.0,345.421,1185.0
43.97283995099997,100.0,345.824,1185.0
44.07296117700025,100.0,345.931,1260.0
44.1730904609999,100.0,346.998,1155.0
44.273330745000294,100.0,347.73,1140.0
44.37349232999986,100.0,346.445,1185.0
44.47361777500009,100.0,346.255,1155.0
44.573773670000264,100.0,346.194,1185.0
44.67390481500024,100.0,345.567,1155.0
44.77406438900016,100.0,346.555,1125.0
44.87422913399996,100.0,345.692,1200.0
44.9743673779999,100.0,344.942,1305.0
45.07449023400022,100.0,348.665,1125.0
45.1746957790001,100.0,347.91,1155.0
45.27487122299999,100.0,345.305,1125.0
45.37505711699987,100.0,345.519,1170.0
45.47563788000025,100.0,347.57,1125.0
45.5758321950002,100.0,346.504,1200.0
45.67600988000004,100.0,346.206,1140.0
45.776204593999864,100.0,346.951,1185.0
45.876404098999956,100.0,346.451,1230.0
45.97657075300003,100.0,348.977,1170.0
46.076741499000036,100.0,348.548,1050.0
46.17693887199994,100.0,345.074,1110.0
46.27721286699989,100.0,346.563,1215.0
46.37738363200015,100.0,346.1,1155.0
46.47755267699995,100.0,346.074,1185.0
46.57772375100012,100.0,345.98,1125.0
46.67790211600004,100.0,346.4,1200.0
46.77822474100003,100.0,345.064,1245.0
46.878457934999915,100.0,347.926,1140.0
46.978716889000225,100.0,348.032,1140.0
47.07890161400019,100.0,344.464,1155.0
47.17909443899998,100.0,345.461,1215.0
47.27929952400018,100.0,344.987,1185.0
47.379535539000244,100.0,345.571,1215.0
47.47974677299999,100.0,345.188,1200.0
47.579934817999856,100.0,343.567,1155.0
47.68011750200003,100.0,342.517,1350.0
47.780286797999906,100.0,345.395,1155.0
47.880542142000195,100.0,346.085,1170.0
47.98075726700017,100.0,344.852,1095.0
48.0809250530001,100.0,345.658,1110.0
48.181173816999944,100.0,347.621,1110.0
48.281357352000214,100.0,345.333,1125.0
48.38153055700013,100.0,344.172,1155.0
48.48168627199993,100.0,344.58,1200.0
48.581834166000135,100.0,343.666,1350.0
48.682029371000226,100.0,347.528,1155.0
48.78222818699987,100.0,347.525,1200.0
48.88239431200009,100.0,347.061,1095.0
48.98256673700007,100.0,345.977,1185.0
49.082719372000156,100.0,346.737,1170.0
49.182918255999994,100.0,345.361,1140.0
49.28311252100002,100.0,346.354,1125.0
49.383296297000015,100.0,347.886,1170.0
49.483488511999894,100.0,344.988,1110.0
49.58365802700018,100.0,348.95,1185.0
49.68380336200016,100.0,347.924,1155.0
49.78394000700018,100.0,345.951,1095.0
49.88411143200028,100.0,344.183,1200.0
49.98431630699997,100.0,344.307,1155.0
50.084501542,100.0,344.8,1215.0
50.184651956999915,100.0,343.704,1125.0
50.28480036200017,100.0,343.256,1125.0
50.38497323699994,100.0,340.96,1110.0
50.48514156200008,100.0,345.108,1155.0
50.58529771900021,100.0,345.105,1140.0
50.68551222299993,100.0,344.899,1050.0
50.78568283799996,100.0,345.152,1065.0
50.88583920300016,100.0,346.074,1140.0
50.98601321900014,100.0,347.509,1200.0
51.08614862500008,100.0,345.303,1140.0
51.18628828999999,100.0,345.837,1140.0
51.286417424999854,100.0,345.192,1185.0
51.38658287999988,100.0,347.6,1155.0
51.486758245000146,100.0,348.492,1185.0
51.586919451000085,100.0,348.065,1035.0
51.68708763699988,100.0,347.389,1125.0
51.78725714200027,100.0,348.147,1140.0
51.88756101600029,100.0,346.883,1065.0
51.987717371000144,100.0,346.778,1095.0
52.087839166999856,100.0,347.692,1095.0
52.18799976299988,100.0,346.806,1110.0
52.28812785700029,100.0,346.978,1140.0
52.38828492399989,100.0,347.202,1155.0
52.48842023899988,100.0,347.356,1110.0
52.588545544000226,100.0,345.942,1170.0
52.68869809900025,100.0,347.727,1155.0
52.788870905000294,100.0,347.426,1125.0
52.88902418999987,100.0,348.943,1110.0
52.98915930600015,100.0,347.808,1125.0
53.08929476200001,100.0,347.552,1140.0
53.18944626700022,100.0,349.24,1170.0
53.289588023000306,100.0,348.973,1095.0
53.38978013799988,100.0,347.903,1005.0
53.48992381400012,100.0,347.347,1125.0
53.590075419000186,100.0,347.492,1110.0
53.69024490499987,100.0,347.696,1095.0
53.790394730000116,100.0,347.249,1155.0
53.890542905000075,100.0,348.101,1080.0
53.990688041999874,100.0,348.414,1095.0
54.09080767700016,100.0,347.569,1125.0
54.19095844200001,100.0,347.863,1125.0
54.29109518799987,100.0,347.005,1080.0
54.39126958399993,100.0,347.502,1125.0
54.49142537900025,100.0,348.19,1095.0
54.59159317500007,100.0,348.593,1140.0
54.6917166610001,100.0,347.896,1065.0
54.79186715600008,100.0,347.632,1140.0
54.892015251999965,100.0,347.733,960.0
54.99219954699993,100.0,347.028,1125.0
55.09233905300016,100.0,348.925,1050.0
55.19250662800005,100.0,347.723,1110.0
55.2926384350003,100.0,348.29,1140.0
55.39279763000013,100.0,348.341,1065.0
55.49295932599989,100.0,347.169,1170.0
55.593100091999986,100.0,347.195,1095.0
55.693262886999946,100.0,345.246,1200.0
55.793420233000234,100.0,345.791,1125.0
55.89355281799999,100.0,344.883,1170.0
55.993717755000034,100.0,346.813,1140.0
56.0938679599999,100.0,347.858,1020.0
56.19401910600027,100.0,346.578,1140.0
56.294214751000254,100.0,348.012,1080.0
56.39438009700007,100.0,348.464,1125.0
56.49454257300022,100.0,350.158,1065.0
56.59468195799991,100.0,347.677,1035.0
56.6948486350002,100.0,348.441,1125.0
56.79501427000014,100.0,349.65,1125.0
56.89514790600015,100.0,350.953,1110.0
56.99527676200023,100.0,351.472,990.0
57.09540320799988,100.0,348.005,1035.0
57.195556904000114,100.0,348.325,1140.0
57.295696918999965,100.0,349.279,1065.0
57.39582975600024,100.0,348.355,1125.0
57.49599866200015,100.0,347.699,1095.0
57.59616291700013,100.0,349.2,1110.0
57.69630172300003,100.0,349.2,1110.0
57.79651439899999,100.0,349.141,1095.0
57.896674114000234,100.0,348.425,1035.0
57.99681741099994,100.0,345.353,1035.0
58.09695190699995,100.0,346.425,1125.0
58.19710057300017,100.0,345.224,1095.0
58.29726229800008,100.0,345.742,1155.0
58.39742675400021,100.0,346.05,1080.0
58.49757380100027,100.0,345.792,1020.0
58.59774353600005,100.0,345.881,1140.0
58.69790709200015,100.0,347.118,1095.0
58.798062498000036,100.0,347.143,1020.0
58.89817617400013,100.0,345.666,1065.0
58.998297040000125,100.0,345.636,1035.0
59.09840317699991,100.0,346.551,1140.0
59.19852141199999,100.0,348.109,1005.0
59.29863219800018,100.0,347.518,1125.0
59.39876748500001,100.0,346.763,1080.0
59.498878372000036,100.0,347.605,1140.0
59.59899724800016,100.0,349.81,1080.0
59.69911871400018,100.0,350.792,1020.0
59.7994782589999,100.0,348.085,1125.0
59.89959148600019,100.0,348.843,1080.0
59.99970773199993,100.0,349.137,1140.0
60.09982415800005,100.0,347.796,1065.0
60.199937694000255,100.0,346.927,1065.0
60.3000480300002,100.0,348.609,1125.0
60.400190616000145,100.0,347.48,1170.0
60.50030120300016,100.0,350.08,1095.0
60.600425519000055,100.0,349.784,1050.0
60.70056049599998,100.0,347.555,1125.0
60.80067234199987,100.0,347.472,1065.0
60.90077552799994,100.0,347.37,1050.0
61.00088107400006,100.0,348.391,1140.0
61.100985691000005,100.0,348.97,1035.0
61.20111531700013,100.0,348.328,1125.0
61.30122642300012,100.0,346.639,1200.0
61.40136932899986,100.0,349.237,1095.0
61.501482445999955,100.0,348.002,1035.0
61.601588453000204,100.0,345.897,1035.0
61.70169682899996,100.0,346.184,1140.0
61.80180476500027,100.0,347.15,1050.0
61.901909482000065,100.0,347.643,1140.0
62.00201708800023,100.0,346.652,1080.0
62.102114105000055,100.0,347.912,1095.0
62.202235800999915,100.0,347.146,1230.0
62.302375757999926,100.0,350.781,1065.0
62.40251206399989,100.0,350.509,1035.0
62.50262393000003,100.0,347.58,1065.0
62.60274271700018,100.0,348.78,1110.0
62.70285311299995,100.0,348.658,1110.0
62.80298773000004,100.0,347.139,1035.0
62.9031116860001,100.0,347.573,1140.0
63.003225592000035,100.0,348.083,1005.0
63.103331849999904,100.0,345.521,1170.0
63.20346205600026,100.0,349.333,1095.0
63.30357905200026,100.0,348.917,1080.0
63.403721228999984,100.0,346.842,1110.0
63.503838845000246,100.0,346.563,1065.0
63.603950202000306,100.0,346.998,1140.0
63.70408553800007,100.0,346.861,1080.0
63.80422214500004,100.0,347.22,1140.0
63.904357621000145,100.0,347.262,1080.0
64.00452377800002,100.0,344.71,1260.0
64.10465351399989,100.0,348.82,1065.0
64.20479518100001,100.0,348.867,1080.0
64.30493969700001,100.0,346.952,1110.0
64.40511052400007,100.0,346.671,1065.0
64.50527766000005,100.0,346.823,1050.0
64.6054471970001,100.0,348.406,1140.0
64.70559126299986,100.0,347.363,1050.0
64.8057341890003,100.0,347.203,1125.0
64.90587066700027,100.0,346.413,1245.0
65.00600926200013,100.0,349.515,1080.0
65.10613644000023,100.0,350.254,1110.0
65.20629146600004,100.0,346.971,1005.0
65.30646622199993,100.0,346.482,1185.0
65.40659655900026,100.0,344.98,1125.0
65.50672799499989,100.0,344.837,1155.0
65.60686636199989,100.0,344.953,1215.0
65.70700109900008,100.0,344.653,1095.0
65.80716805600014,100.0,342.891,1170.0
65.9073240319999,100.0,345.902,1170.0
66.0074867090002,100.0,345.097,1170.0
66.10763993499995,100.0,343.858,1095.0
66.20777907299998,100.0,345.89,1080.0
66.30791165900018,100.0,346.491,1110.0
66.40802849600004,100.0,347.408,1080.0
66.50816658300027,100.0,348.046,1185.0
66.60831594899992,100.0,346.806,1155.0
66.70848014500007,100.0,344.907,1080.0
66.80862951300014,100.0,347.392,1200.0
66.90876130900006,100.0,347.191,1170.0
67.00889867500018,100.0,346.529,1125.0
67.10905990299989,100.0,346.413,1080.0
67.20925000900024,100.0,347.121,1095.0
67.3094237360001,100.0,347.684,1155.0
67.40959623300023,100.0,345.255,1095.0
67.50977516900002,100.0,344.591,1200.0
67.60997267599987,100.0,343.753,1125.0
67.71015248200001,100.0,344.79,1185.0
67.81033623900021,100.0,345.407,1155.0
67.91047499600018,100.0,345.879,1065.0
68.01062198199998,100.0,346.371,1170.0
68.1107540400003,100.0,346.198,1110.0
68.21089149699992,100.0,346.051,1140.0
68.31103213400002,100.0,345.891,1065.0
68.41118928000014,100.0,346.352,1020.0
68.51134643700016,100.0,346.002,1110.0
68.61151285400001,100.0,347.606,1095.0
68.71164554100005,100.0,347.458,1080.0
68.81177383700015,100.0,346.697,1035.0
68.91189001500015,100.0,344.814,1080.0
69.01199273200018,100.0,344.949,1140.0
69.11210310900015,100.0,345.099,1065.0
69.21221979600023,100.0,344.983,1110.0
69.31233904300007,100.0,344.559,1065.0
69.41248718999987,100.0,345.85,1080.0
69.51265101700028,100.0,347.894,1110.0
69.61280679399988,100.0,348.06,1065.0
69.71293407100029,100.0,350.051,1005.0
69.81309239700022,100.0,348.537,1065.0
69.91319909499998,100.0,349.352,1110.0
70.01332080200018,100.0,349.956,1125.0
70.11348320800016,100.0,350.111,1125.0
70.21366541499992,100.0,350.536,1095.0
70.31386186300006,100.0,348.846,1005.0
70.41405238900006,100.0,348.341,1155.0
70.5142498160003,100.0,349.609,1155.0
70.6145401130002,100.0,349.941,1065.0
70.71468675999995,100.0,346.298,1185.0
70.81520089500009,100.0,348.716,1065.0
70.91535598200016,100.0,349.673,1125.0
71.01555540800018,100.0,347.547,1155.0
71.11571980600002,100.0,346.781,1215.0
71.21587523300013,100.0,346.089,1140.0
71.31607040000017,100.0,346.236,1155.0
71.41626809700028,100.0,348.012,1140.0
71.5164658030003,100.0,348.959,1125.0
71.6166512499999,100.0,347.457,1155.0
71.7168517580003,100.0,349.687,1200.0
71.81704711500015,100.0,348.559,1110.0
71.91721731100006,100.0,346.964,1200.0
72.0173823680002,100.0,348.376,1125.0
72.11754840499998,100.0,348.285,1200.0
72.21776036300025,100.0,345.946,1230.0
72.31792215999985,100.0,349.355,1170.0
72.41812863699988,100.0,349.018,1035.0
72.51834083299991,100.0,344.933,1125.0
72.61855145100026,100.0,346.895,1125.0
72.71871479800029,100.0,347.153,1110.0
72.81891472500001,100.0,347.249,1050.0
72.91912025200008,100.0,347.166,1170.0
73.01931412900012,100.0,346.17,1140.0
73.11948564600016,100.0,344.932,1290.0
73.21964961399999,100.0,348.236,1140.0
73.31979370099998,100.0,347.752,1185.0
73.41999325799998,100.0,347.466,1155.0
73.52019387500013,100.0,348.993,1125.0
73.62039063100019,100.0,348.366,1200.0
73.72054190900008,100.0,348.154,1155.0
73.82069507699998,100.0,348.218,1200.0
73.92084914399993,100.0,348.161,1155.0
74.02105396100023,100.0,346.402,1320.0
74.12120926800026,100.0,351.268,1185.0
74.2214189450001,100.0,349.446,1155.0
74.3216574410003,100.0,347.529,1095.0
74.42184436800017,100.0,347.788,1140.0
74.52200725700004,100.0,347.035,1020.0
74.62216407400001,100.0,347.563,1125.0
74.7223126910003,100.0,347.01,1065.0
74.8224987980002,100.0,346.57,1125.0
74.92265209600009,100.0,344.249,1155.0
75.02278996399991,100.0,348.437,1140.0
75.12293613100019,100.0,345.879,1170.0
75.223115108,100.0,344.939,1110.0
75.32329311500007,100.0,347.202,1215.0
75.42349215200011,100.0,346.187,1125.0
75.5236581600002,100.0,346.271,1155.0
75.62381622800012,100.0,346.865,1200.0
75.72400007500028,100.0,345.711,1110.0
75.824170332,100.0,343.255,1170.0
75.92431179899995,100.0,347.385,1155.0
76.0244554169999,100.0,346.435,1125.0
76.12456358500003,100.0,345.638,1080.0
76.2246695419999,100.0,345.897,1095.0
76.32479259999991,100.0,346.555,1170.0
76.42491811800028,100.0,344.054,1140.0
76.52504723499987,100.0,343.716,1140.0
76.62515953299999,100.0,344.047,1200.0
76.72526832099993,100.0,343.641,1095.0
76.82538158800025,100.0,345.397,1140.0
76.92549506700016,100.0,345.695,1155.0
77.02560863400004,100.0,347.861,1140.0
77.12571494200029,100.0,348.506,1185.0
77.22584137000013,100.0,347.975,1140.0
77.32596916700004,100.0,348.215,1200.0
77.42608760500025,100.0,347.223,1140.0
77.52621121199991,100.0,348.014,1155.0
77.62632870100015,100.0,348.582,1140.0
77.72644821799986,100.0,348.485,1155.0
77.82656795599996,100.0,350.696,1170.0
77.9266758839999,100.0,350.368,1050.0
78.02679486199986,100.0,347.983,1065.0
78.1269057290001,100.0,348.086,1140.0
78.22703136700011,100.0,348.935,1065.0
78.3271475649999,100.0,348.305,1125.0
78.42726064299995,100.0,348.559,1095.0
78.52738476000013,100.0,349.488,1110.0
78.6274971390003,100.0,349.591,1095.0
78.7276081570003,100.0,350.339,1080.0
78.82774543400001,100.0,349.322,1020.0
78.92784984199989,100.0,347.845,1065.0
79.02796948000014,100.0,349.331,1140.0
79.12808516799987,100.0,348.962,1080.0
79.22819814600007,100.0,349.128,1095.0
79.32832527400024,100.0,350.452,1080.0
79.42845784200017,100.0,349.595,1005.0
79.52859790999992,100.0,349.362,1125.0
79.62871288699989,100.0,350.045,1080.0
79.72882108500016,100.0,349.265,975.0
79.82893388299999,100.0,346.961,1125.0
79.92906022199986,100.0,348.258,1020.0
80.02920483000025,100.0,347.318,1140.0
80.12931397800003,100.0,347.151,1080.0
80.22942447500009,100.0,348.17,1140.0
80.32955556300021,100.0,346.822,1050.0
80.42967574100021,100.0,345.325,1185.0
80.529826039,100.0,346.958,1140.0
80.62994141800027,100.0,348.577,1155.0
80.73005457499994,100.0,347.214,1170.0
80.8303497930001,100.0,347.633,1170.0
80.93050390000008,100.0,347.269,1125.0
81.0306718679999,100.0,348.022,1185.0
81.13078738600007,100.0,347.798,1170.0
81.23090048499989,100.0,347.795,1200.0
81.331021513,100.0,345.057,1230.0
81.43114934999994,100.0,349.601,1170.0
81.53126996900028,100.0,350.126,1080.0
81.63138463699988,100.0,345.029,1110.0
81.7315058449999,100.0,346.596,1125.0
81.83164219299988,100.0,347.233,1110.0
81.93177850200027,100.0,346.789,1050.0
82.0318978700002,100.0,347.629,1125.0
82.1320072870003,100.0,348.205,1035.0
82.23211632599987,100.0,345.464,1155.0
82.33224248400029,100.0,349.325,1080.0
82.43236108200017,100.0,349.334,1110.0
82.53248050999991,100.0,349.197,1110.0
82.63260915799992,100.0,350.237,1080.0
82.73273862699989,100.0,350.007,1125.0
82.83286472400005,100.0,348.742,1080.0
82.93297937199986,100.0,349.963,1155.0
83.03309081099997,100.0,348.995,1065.0
83.13320790900025,100.0,346.921,1245.0
83.23334718700016,100.0,351.725,1080.0
83.33350111500022,100.0,350.813,1065.0
83.43363544400017,100.0,347.432,1005.0
83.53375537200009,100.0,345.034,1140.0
83.63387856899999,100.0,342.29,1140.0
83.73400214899993,100.0,343.254,1155.0
83.8341113270003,100.0,343.713,1185.0
83.93422906500018,100.0,343.382,1125.0
84.03434949300026,100.0,339.689,1170.0
84.13447486199993,100.0,346.153,1200.0
84.23459235900009,100.0,344.493,1140.0
84.33470370800023,100.0,344.142,1095.0
84.43481967700018,100.0,347.43,1080.0
84.53493715500008,100.0,348.688,1110.0
84.6350807230001,100.0,348.372,1095.0
84.73518687100022,100.0,349.076,1125.0
84.83530040999995,100.0,348.278,1065.0
84.93540979799991,100.0,346.84,990.0
85.03551368600029,100.0,349.627,1110.0
85.13562482599991,100.0,348.286,1095.0
85.23574833400016,100.0,347.321,1050.0
85.33586366200007,100.0,345.235,1110.0
85.43599668100023,100.0,344.354,1065.0
85.53611861900026,100.0,344.361,1125.0
85.63626841699988,100.0,345.283,1080.0
85.73640547600007,100.0,344.784,1125.0
85.83653674400011,100.0,345.003,1065.0
85.93667059300014,100.0,345.843,1110.0
86.03680439100026,100.0,343.648,1155.0
86.13692915899992,100.0,346.084,1005.0
86.23706814800016,100.0,344.332,1185.0
86.33722297600025,100.0,344.22,1155.0
86.43738493499995,100.0,344.095,1155.0
86.53753847200005,100.0,345.01,1185.0
86.63767501100028,100.0,343.586,1110.0
86.73781534999989,100.0,343.99,1170.0
86.83795084800022,100.0,344.148,1185.0
86.93808113600016,100.0,343.291,1125.0
87.03821310600006,100.0,345.949,1080.0
87.13834532300007,100.0,341.442,1155.0
87.23852258199986,100.0,341.816,1200.0
87.33866933099989,100.0,341.643,1170.0
87.43879017900008,100.0,343.548,1185.0
87.53891084799989,100.0,342.837,1170.0
87.63903135600003,100.0,342.281,1080.0
87.73915389400008,100.0,343.31,1215.0
87.83927690300015,100.0,344.568,1125.0
87.93939087199988,100.0,346.249,1050.0
88.0395042109999,100.0,344.664,1170.0
88.13966646900008,100.0,345.943,1080.0
88.23985636799989,100.0,347.358,1080.0
88.34000948599987,100.0,346.437,1140.0
88.44017855399989,100.0,346.824,1095.0
88.54032573399991,100.0,346.991,1065.0
88.64064697100002,100.0,346.85,1110.0
88.74081543900002,100.0,347.506,1200.0
88.84097137800018,100.0,348.004,1065.0
88.9411361360003,100.0,345.277,1140.0
89.04127464500016,100.0,346.035,1215.0
89.14141690399993,100.0,343.986,1140.0
89.24157402299988,100.0,344.9,1125.0
89.3417146910001,100.0,344.864,1215.0
89.44183285999998,100.0,345.964,1110.0
89.54195465800012,100.0,342.978,1185.0
89.64208564799992,100.0,346.743,1170.0
89.74225012500028,100.0,347.488,1065.0
89.84240661500007,100.0,343.538,1170.0
89.94257444300001,100.0,347.537,1095.0
90.04272937199994,100.0,348.013,1110.0
90.14288740000029,100.0,349.616,1050.0
90.2430359089999,100.0,348.802,1170.0
90.343164377,100.0,348.945,1170.0
90.443284167,100.0,346.013,1215.0
90.54341655600001,100.0,349.239,1140.0
90.64354215399999,100.0,349.256,1125.0
90.74365984299993,100.0,348.009,1170.0
90.8438135020001,100.0,349.076,1170.0
90.94420088000015,100.0,348.575,1125.0
91.04437601900008,100.0,347.127,1200.0
91.14450919699993,100.0,346.848,1110.0
91.2446529660001,100.0,347.358,1185.0
91.3447655949999,100.0,345.9,1215.0
91.44488105400023,100.0,349.005,1170.0
91.54501399299988,100.0,349.191,1065.0
91.6451645420002,100.0,345.123,1125.0
91.74530859100014,100.0,347.071,1185.0
91.84547415899988,100.0,347.375,1095.0
91.94562981800027,100.0,348.238,1140.0
92.04576920699992,100.0,346.671,1080.0
92.14590132600006,100.0,346.051,1065.0
92.24604681500023,100.0,345.305,1200.0
92.34616295400019,100.0,348.841,1080.0
92.4462944930001,100.0,347.169,1095.0
92.54673574000026,100.0,343.925,1110.0
92.64689391899992,100.0,344.456,1170.0
92.74704834800013,100.0,343.715,1200.0
92.84720660699986,100.0,344.029,1185.0
92.94734195599995,100.0,344.157,1215.0
93.04747330500004,100.0,343.748,1140.0
93.14759511400007,100.0,342.586,1335.0
93.24770442299996,100.0,346.197,1140.0
93.34781537300023,100.0,346.484,1125.0
93.4479355110002,100.0,345.372,1095.0
93.5480872600001,100.0,346.98,1110.0
93.64825219900013,100.0,347.311,1065.0
93.74882103600021,100.0,347.783,1140.0
93.84896291599989,100.0,347.5,1095.0
93.94907799400016,100.0,347.204,1095.0
94.04918678400009,100.0,346.211,1170.0
94.14929506299995,100.0,349.391,1170.0
94.24940876200026,100.0,348.165,1125.0
94.3495374009999,100.0,345.8,1110.0
94.4496882100002,100.0,347.239,1200.0
94.54984962900016,100.0,345.402,1140.0
94.6500017379999,100.0,345.775,1125.0
94.75013868799988,100.0,345.57,1215.0
94.8502744970001,100.0,345.266,1110.0
94.95039064599996,100.0,343.143,1155.0
95.05051311500029,100.0,346.517,1140.0
95.1506290440002,100.0,345.493,1125.0
95.25074070400024,100.0,345.231,1095.0
95.35084735300006,100.0,346.495,1110.0
95.4510035620001,100.0,347.405,1095.0
95.55116080100015,100.0,345.138,1080.0
95.65130563000002,100.0,345.776,1080.0
95.75142482899992,100.0,346.18,1140.0
95.85156450900013,100.0,344.806,1005.0
95.95167070900015,100.0,347.434,1110.0
96.05178611800011,100.0,347.445,1095.0
96.15189846700014,100.0,348.325,1140.0
96.25201940600027,100.0,349.089,1110.0
96.3521807850002,100.0,349.843,1065.0
96.4523425440002,100.0,348.572,1080.0
96.55250050299992,100.0,348.132,1095.0
96.65263727399997,100.0,349.922,1125.0
96.7527606120002,100.0,349.779,1065.0
96.852873112,100.0,350.664,1110.0
96.95298305100005,100.0,349.781,1110.0
97.05308880100029,100.0,349.674,1065.0
97.15325874000018,100.0,350.022,1125.0
97.25341451900022,100.0,349.568,1095.0
97.3535728679999,100.0,349.614,1110.0
97.45372756799998,100.0,349.392,1080.0
97.55386378699995,100.0,351.073,1005.0
97.65399085600029,100.0,349.23,1140.0
97.75410501600027,100.0,347.557,1185.0
97.8542245650001,100.0,347.009,1140.0
97.95434357400018,100.0,346.473,1080.0
98.05446723400019,100.0,345.168,1170.0
98.15460907400029,100.0,346.539,1185.0
98.25476892300003,100.0,345.066,1170.0
98.35490774200025,100.0,345.003,1200.0
98.45502759200008,100.0,343.466,1140.0
98.55515365100018,100.0,343.498,1110.0
98.65527703999987,100.0,343.467,1215.0
98.75539385100001,100.0,345.935,1125.0
98.85550502000024,100.0,345.758,1035.0
98.95561407000014,100.0,344.565,1170.0
99.05576223900016,100.0,346.754,1095.0
99.15590863800026,100.0,347.382,1125.0
99.25604616800001,100.0,346.873,1095.0
99.35617421699999,100.0,347.054,1125.0
99.45629639800018,100.0,346.821,1050.0
99.55641470699993,100.0,345.016,1155.0
99.656529116,100.0,347.995,1140.0
99.7566661159999,100.0,348.706,1140.0
99.85694614400018,100.0,347.328,1125.0
99.95708849399989,100.0,349.226,1200.0
100.05720911400022,100.0,347.949,1140.0
100.15732999300008,100.0,347.586,1185.0
100.25749158200006,100.0,347.027,1155.0
100.35761543299986,100.0,346.511,1185.0
100.45773160199997,100.0,346.282,1215.0
100.55785212199999,100.0,349.648,1140.0
100.65797712099993,100.0,349.705,1080.0
100.7581204510002,100.0,345.031,1125.0
100.85824773100012,100.0,347.379,1125.0
100.95837641000026,100.0,347.435,1095.0
101.05880649900018,100.0,348.227,1080.0
101.15892939800005,100.0,348.441,1110.0
101.25906577800015,100.0,348.264,1020.0
101.35918850799999,100.0,346.353,1185.0
101.45930703700014,100.0,348.332,1110.0
101.55942925799991,100.0,349.192,1095.0
101.65957140699993,100.0,347.182,1155.0
101.75970842700008,100.0,349.153,1110.0
101.85983052600022,100.0,350.034,1155.0
101.95995034599991,100.0,348.48,1095.0
102.06008084699988,100.0,347.911,1185.0
102.1602011760001,100.0,347.129,1185.0
102.260333275,100.0,344.782,1350.0
102.36047734600015,100.0,349.525,1155.0
102.46060134500021,100.0,350.901,1110.0
102.5607192550001,100.0,347.716,1065.0
102.6608564850003,100.0,348.761,1140.0
102.76097977500012,100.0,348.193,1125.0
102.86110565399986,100.0,347.461,1185.0
102.96123187500007,100.0,345.024,1125.0
103.06135222400007,100.0,344.721,1110.0
103.1614917740003,100.0,342.867,1185.0
103.26162077400022,100.0,347.38,1125.0
103.36175652400016,100.0,345.723,1140.0
103.46187600400026,100.0,345.342,1095.0
103.56199656299987,100.0,347.239,1110.0
103.66239152200023,100.0,348.351,1125.0
103.76252411199994,100.0,347.13,1110.0
103.86266580200027,100.0,347.993,1125.0
103.96279110200021,100.0,347.425,1035.0
104.06291542300005,100.0,345.202,1050.0
104.16303938100009,100.0,348.343,1110.0
104.26318087100026,100.0,348.252,1080.0
104.36331012200026,100.0,347.667,1065.0
104.46342981199996,100.0,345.157,1110.0
104.56356705200005,100.0,344.808,1065.0
104.6637008810003,100.0,344.803,1140.0
104.76382619200012,100.0,345.219,1050.0
104.86412688100017,100.0,345.471,1110.0
104.96429188100001,100.0,345.394,1035.0
105.06442239099988,100.0,348.877,1095.0
105.16454496100005,100.0,348.034,1080.0
105.26467627000011,100.0,349.273,1050.0
105.36482841999987,100.0,348.769,1110.0
105.46495703000028,100.0,348.598,1155.0
105.56508143100018,100.0,350.259,1200.0
105.66520358100024,100.0,348.945,1170.0
105.76533052100012,100.0,347.787,1125.0
105.86547158100029,100.0,347.885,1155.0
105.9656220310003,100.0,348.76,1155.0
106.06574893100014,100.0,349.997,1125.0
106.16587094099987,100.0,348.794,1080.0
106.26599877099989,100.0,345.063,1110.0
106.36612065200006,100.0,346.955,1095.0
106.46625165100022,100.0,346.159,1125.0
106.56637535200025,100.0,347.12,1140.0
106.66649567200011,100.0,347.937,1065.0
106.76688078000006,100.0,347.657,1110.0
106.8670149300001,100.0,347.374,1110.0
106.96714243099996,100.0,347.366,1080.0
107.06726285100012,100.0,348.91,975.0
107.1673847510001,100.0,346.172,1065.0
107.26751607100005,100.0,347.167,1110.0
107.36763933300017,100.0,345.458,1170.0
107.46775794299992,100.0,347.265,1155.0
107.56788279300008,100.0,346.624,1185.0
107.66800185300008,100.0,344.997,1125.0
107.76816313300014,100.0,344.696,1215.0
107.8682961630002,100.0,346.35,1155.0
107.96842700300022,100.0,346.408,1110.0
108.06855907299996,100.0,342.626,1170.0
108.16868069400016,100.0,342.696,1155.0
108.2688108729999,100.0,342.795,1140.0
108.36893110400024,100.0,344.946,1185.0
108.46914436399993,100.0,344.213,1155.0
108.56935603400007,100.0,344.496,1185.0
108.66954644499992,100.0,343.796,1230.0
108.76971402400022,100.0,346.662,1185.0
108.86987489500007,100.0,346.176,1035.0
108.97002869500011,100.0,344.472,1125.0
109.07018288500012,100.0,347.864,1140.0
109.17034818499997,100.0,346.948,1095.0
109.27052821500001,100.0,346.991,1080.0
109.37068293599987,100.0,347.212,1110.0
109.47084078600028,100.0,346.772,1095.0
109.5709939860003,100.0,346.057,1215.0
109.67115287600018,100.0,349.763,1080.0
109.77131480600019,100.0,347.848,1155.0
109.87147015600021,100.0,346.877,1125.0
109.9716031769999,100.0,346.315,1155.0
110.07172573700018,100.0,345.681,1185.0
110.17184474800024,100.0,347.116,1170.0
110.27196485800005,100.0,346.684,1155.0
110.37208463900015,100.0,347.183,1185.0
110.47221159900027,100.0,345.329,1305.0
110.57233074900023,100.0,348.97,1110.0
110.672514159,100.0,347.138,1125.0
110.77265656999998,100.0,347.439,975.0
110.87280844099996,100.0,346.73,1140.0
110.97292747100028,100.0,347.429,1080.0
111.07306395200021,100.0,346.735,1110.0
111.17320288200017,100.0,345.337,1050.0
111.27335376200017,100.0,346.034,1080.0
111.37350614300021,100.0,344.674,1125.0
111.47365023400016,100.0,347.04,1125.0
111.57377485400002,100.0,344.493,1125.0
111.67393495400029,100.0,345.926,1080.0
111.77406258500014,100.0,342.95,1155.0
111.8742119450003,100.0,344.832,1185.0
111.97434471499992,100.0,343.705,1140.0
112.07450889700021,100.0,343.91,1185.0
112.17466105699987,100.0,345.657,1155.0
112.27482340699999,100.0,344.138,1110.0
112.37494727800004,100.0,345.701,1170.0
112.47509977800019,100.0,346.478,1155.0
112.57522634999987,100.0,346.782,1125.0
112.67539810900007,100.0,344.088,1170.0
112.77557091900007,100.0,344.921,1170.0
112.87574115999996,100.0,345.33,1185.0
112.97590143100024,100.0,345.955,1140.0
113.076054011,100.0,346.631,1185.0
113.1761859520002,100.0,344.343,1110.0
113.27633759199989,100.0,347.429,1185.0
113.37654456200016,100.0,346.834,1125.0
113.47667578400024,100.0,347.523,1050.0
113.57679246399994,100.0,346.764,1140.0
113.67690566500005,100.0,347.652,1095.0
113.77723072400022,100.0,348.666,1035.0
113.87735462599994,100.0,349.181,1125.0
113.9774921369999,100.0,348.223,1035.0
114.07761011699995,100.0,347.849,1095.0
114.17772744800004,100.0,348.82,1125.0
114.27784749900002,100.0,347.781,1155.0
114.37799253899993,100.0,347.137,1095.0
114.47817377899992,100.0,344.82,1170.0
114.57836254099993,100.0,346.888,1200.0
114.67854170100009,100.0,345.583,1140.0
114.77869816200018,100.0,345.659,1170.0
114.87888077200023,100.0,345.556,1170.0
114.97906229199998,100.0,344.683,1095.0
115.07923770300022,100.0,344.368,1185.0
115.1794188040003,100.0,346.422,1170.0
115.27957771499996,100.0,346.758,1050.0
115.37973762499996,100.0,345.014,1170.0
115.47989941600008,100.0,346.664,1080.0
115.58005666600002,100.0,346.947,1125.0
115.68022149800026,100.0,348.082,1065.0
115.78037125800029,100.0,347.536,1155.0
115.88052995899989,100.0,347.233,1155.0
115.98069286000009,100.0,345.487,1215.0
116.08085469000025,100.0,348.094,1140.0
116.18101256099999,100.0,348.474,1110.0
116.281179651,100.0,345.406,1155.0
116.38134413299986,100.0,349.368,1140.0
116.48151833400016,100.0,347.814,1170.0
116.58169088400018,100.0,349.188,1215.0
116.6819110649999,100.0,345.881,1125.0
116.78206996500012,100.0,345.714,1110.0
116.882235476,100.0,345.039,1260.0
116.98240405700017,100.0,347.965,1155.0
117.08256108800015,100.0,347.471,1140.0
117.18272546900016,100.0,343.7,1170.0
117.28288655899996,100.0,347.559,1065.0
117.38304418999996,100.0,346.543,1140.0
117.48320810099995,100.0,347.15,1005.0
117.5833682309999,100.0,345.394,1095.0
117.68352531300025,100.0,344.682,1095.0
117.78368370399994,100.0,344.271,1260.0
117.88384468499999,100.0,347.284,1125.0
117.98400387499987,100.0,345.534,1140.0
118.08416388600017,100.0,344.036,1080.0
118.18432664800002,100.0,346.953,1170.0
118.28451422800026,100.0,345.308,1110.0
118.3846758489999,100.0,346.949,1140.0
118.48484665000024,100.0,345.317,1080.0
118.5850108210002,100.0,345.766,1095.0
118.68514954300008,100.0,344.384,1170.0
118.78528579400017,100.0,347.573,1125.0
118.885417684,100.0,347.036,1140.0
118.98554858500029,100.0,347.609,1080.0
119.08570705600005,100.0,350.131,1125.0
119.18587956700003,100.0,349.71,1095.0
119.2860414490001,100.0,347.774,1155.0
119.38619838900013,100.0,347.373,1230.0
119.486358871,100.0,346.28,1125.0
119.58651773200017,100.0,344.403,1155.0
119.68667784199988,100.0,350.1,1155.0
119.78683913300029,100.0,348.905,1125.0
119.8869960750003,100.0,347.523,1080.0
119.98715460599988,100.0,346.169,1110.0
120.0873129659999,100.0,346.795,1155.0
120.18748897800015,100.0,343.956,1155.0
120.28764700900001,100.0,344.904,1110.0
120.3878054400002,100.0,344.687,1200.0
120.48797099100011,100.0,344.544,1110.0
120.58823495200022,100.0,348.389,1110.0
120.68839668300006,100.0,345.886,1125.0
120.78856643400013,100.0,348.193,1080.0
120.88872336500026,100.0,348.015,1185.0
120.98888114600004,100.0,349.468,1125.0
121.08903230800024,100.0,347.91,1185.0
121.18920776799996,100.0,346.776,1140.0
121.28935722000006,100.0,347.17,1110.0
