gpu,batch_size,mfu,mfu_lo,mfu_hi,util,util_lo,util_hi,n
4070,1,0.0009788689827791154,0.0007117987888523809,0.001078139459724257,0.4779,0.39299999999999996,0.5302,12
4070,4,0.0038842600972259847,0.002843899693570296,0.004262695798571415,0.49049999999999994,0.39759999999999995,0.5416,12
4070,8,0.007579507277845536,0.005564551905625632,0.008632353873974234,0.4927,0.3994,0.5670000000000001,12
4070,16,0.015070412236762327,0.011802150196304295,0.01661792704081538,0.5337000000000001,0.466,0.5886,12
4070,32,0.030944929890524085,0.02229044922109853,0.03420307724344809,0.6595,0.5434,0.7315999999999999,12
4070,64,0.05588313474417479,0.04112249465691461,0.05912419743488943,0.8085,0.7123999999999999,0.8872,12
4070,128,0.07594370423583642,0.06064880235207707,0.09000264513752658,0.9212,0.868,0.9545999999999999,12
A100,1,0.002579884104044695,0.001671634857063921,0.00460324908221881,0.34630000000000005,0.2724,0.505,12
A100,4,0.010266487482027593,0.006526765560594001,0.018332351640031882,0.37239999999999995,0.2872,0.5304,12
A100,8,0.02090837232441028,0.01292969150527285,0.03711274640461882,0.41269999999999996,0.3006,0.5688,12
A100,16,0.04088444067248151,0.025856356316991264,0.07201575112292337,0.4416,0.3356,0.5764,12
A100,32,0.08637526116481428,0.05086163843166209,0.13952307430609184,0.5727,0.40880000000000005,0.6556000000000001,12
A100,64,0.16728936882206058,0.10644858053513712,0.27525237366067257,0.8076999999999999,0.629,0.8628,12
A100,128,0.22312844533757906,0.17859257724925826,0.39415081640232913,0.9387,0.9079999999999999,0.9592,12
GPU06,1,0.0021345015829735566,0.0011343397463242449,0.002327967662565523,0.4024,0.2606,0.43200000000000005,6
GPU06,4,0.008243980739659847,0.0044032198443951336,0.008865153255867453,0.3922,0.2686,0.4532,6
GPU06,8,0.016426760487112366,0.008806014943118622,0.017441725282425963,0.4187,0.28600000000000003,0.4596,6
GPU06,16,0.0328262692204691,0.018010850195261677,0.03501639189473575,0.475,0.3144,0.5,6
GPU06,32,0.06558804382788556,0.037089071777569885,0.06959976400056746,0.5699,0.4092,0.6265999999999999,6
GPU06,64,0.1188854411222964,0.07459882688980833,0.1387599399167391,0.7542,0.5972,0.8338,6
GPU06,128,0.15314423417356993,0.12266300344060978,0.20548546469129875,0.8801999999999999,0.8172,0.8962,6
L4,1,0.0048093880714433004,0.0034319056557492213,0.004986160792264076,0.6723470806302132,0.4446,0.703780487804878,12
L4,4,0.019092388923832894,0.013674879983968912,0.019855990673141054,0.6831370091896407,0.4514,0.75625,12
L4,8,0.03814623366805442,0.027246871773462304,0.03975706863081885,0.7099521072796935,0.4722,0.7569014084507042,12
L4,16,0.07258133237982181,0.0542833886256283,0.07626321026938807,0.7402645161290322,0.5128,0.7658333333333333,12
L4,32,0.12108758736577103,0.10556971127404513,0.14009338937635626,0.8091,0.648,0.8652,12
L4,64,0.16128257786236821,0.14031133698270376,0.20981055527876538,0.9272,0.7348,1.0,12
L4,128,0.17213934244999884,0.15612435433669347,0.2745291114662713,0.9993000000000001,0.9662000000000001,1.0,12
L40,1,0.003806566257593087,0.0027248446179478168,0.004142847795345902,0.5124,0.3946,0.5514,12
L40,4,0.014943216974596576,0.011149971427146852,0.01640538737372509,0.4949,0.3954,0.5628,12
L40,8,0.029603474409809302,0.02215834563586047,0.03274641534517595,0.5284,0.4018,0.5664,12
L40,16,0.05918584721638642,0.04290804477925278,0.06557601738877739,0.5509,0.42200000000000004,0.607,12
L40,32,0.11883065050064462,0.08510246072224413,0.13098636592532384,0.6298,0.48700000000000004,0.6984,12
L40,64,0.20858651130924521,0.17123526483657256,0.24724022669613066,0.7967,0.6442,0.8542000000000001,12
L40,128,0.28336584708140444,0.24294499047615573,0.36728869133005565,0.8853,0.8151999999999999,0.9548000000000001,12
MI210,1,0.0037369591369396304,0.002260915434245836,0.006044545507742121,1.0,0.9984000000000001,1.0,12
MI210,4,0.0147076782487971,0.00880578115228091,0.024399081483169736,1.0,1.0,1.0,12
MI210,8,0.029085559680684867,0.017632352163569443,0.048479993847062995,1.0,1.0,1.0,12
MI210,16,0.05633388181778004,0.03561078718889849,0.09477007684239651,1.0,1.0,1.0,12
MI210,32,0.1073362930657613,0.07156811788606693,0.17807634392150284,1.0,1.0,1.0,12
MI210,64,0.17922972874539927,0.1312929995418657,0.28537262087653764,1.0,1.0,1.0,12
MI210,128,0.2385921701056127,0.1995095535758372,0.3911186409035058,1.0,1.0,1.0,12
